customer_id,customer_state,order_id,order_purchase_timestamp,product_id,product_category_name
08c5351a6aca1c1589a38f244edeee9d,RR,2e7a8482f6fb09756ca50c10d7bfc047,2016-09-04 21:15:19,f293394c72c9b5fafd7023301fc21fc2,furniture_decor
08c5351a6aca1c1589a38f244edeee9d,RR,2e7a8482f6fb09756ca50c10d7bfc047,2016-09-04 21:15:19,c1488892604e4ba5cff5b4eb4d595400,furniture_decor
86dc2ffce2dfff336de2f386a786e574,SP,bfbd0f9bdef84302105ad712db648a6c,2016-09-15 12:16:38,5a6b04657a4c5ee34285d1e4619a96b4,health_beauty
86dc2ffce2dfff336de2f386a786e574,SP,bfbd0f9bdef84302105ad712db648a6c,2016-09-15 12:16:38,5a6b04657a4c5ee34285d1e4619a96b4,health_beauty
86dc2ffce2dfff336de2f386a786e574,SP,bfbd0f9bdef84302105ad712db648a6c,2016-09-15 12:16:38,5a6b04657a4c5ee34285d1e4619a96b4,health_beauty
355077684019f7f60a031656bd7262b8,SP,3b697a20d9e427646d92567910af6d57,2016-10-03 09:44:50,3ae08df6bcbfe23586dd431c40bddbb7,watches_gifts
7ec40b22510fdbea1b08921dd39e63d8,RS,be5bc2f0da14d8071e2d45451ad119d9,2016-10-03 16:56:50,fd7fd78fd3cbc1b0a6370a7909c0a629,sports_leisure
6f989332712d3222b6571b1cf5b835ce,RS,a41c8759fbe7aab36ea07e038b2d4465,2016-10-03 21:13:36,b72b39418216e944bb34e35f4d3ea8c7,sports_leisure
b8cf418e97ae795672d326288dfab7a7,SP,d207cc272675637bfed0062edffd0818,2016-10-03 22:06:03,107177bf61755f05c604fe57e02467d6,furniture_decor
7812fcebfc5e8065d31e1bb5f0017dae,SP,cd3b8574c82b42fc8129f6d502690c3e,2016-10-03 22:31:31,e2a1d45a73dc7f5a7f9236b043431b89,fashion_shoes
e6f959bf384d1d53b6d68826699bba12,GO,ae8a60e4b03c5a4ba9ca0672c164b181,2016-10-03 22:44:10,a5c3ddb1a400f50d1cf7138727aec136,toys
dc607dc98d6a11d5d04d9f2a70aa6c34,MG,ef1b29b591d31d57c0d7337460dd83c9,2016-10-03 22:51:30,bfce5e847034e1fbbc1ed0bff6a372c7,furniture_decor
b3a9bf200375f53cc5c6991919c356fd,SP,1ff217aa612f6cd7c4255c9bfe931c8b,2016-10-04 09:16:33,33430c5c1027d812b5c62f778e5ee7f7,consoles_games
da0ba2a9935bca5b4610b0e3bca9d3b4,SP,ed8c7b1b3eb256c70ce0c74231e1da88,2016-10-04 09:59:03,29bedbfbe73ea473396306b4f0c010ec,housewares
5720a15d022c09d2634c71c80c8d4102,PA,c3d9e402b6a0fbe2a5f7fc5b41117c38,2016-10-04 10:16:04,817e1c2d22418c36386406ccacfa53e8,furniture_decor
e9722ab28655e07763e0ca2751c61c90,SC,46046adea0e222a29259bad3d922fee8,2016-10-04 10:41:17,79bcd1f7f00535c801244eb999d8d290,fixed_telephony
9e241a9965210ac822859a94c0f33162,RN,80606b26965c5ed21e85a085e0667b63,2016-10-04 11:03:14,c3b7e4d83e530c27a8e6368296aece48,furniture_decor
f9808148a262b51d20e2d777eee6676c,MG,79ffdd52a918bbe867895a4b183d6457,2016-10-04 12:06:11,5691a536d459e5cb326b7bedce928067,air_conditioning
4bb880cac21c7a9e1371ab1ebd601706,SP,c4b41c36dd589e901f6879f25a74ec1d,2016-10-04 12:53:17,9e93b2c4cb5eea05e75a481c129b104d,auto
5c58d1ea5a893380ecdd96dd6dfd5ec5,SP,dd359d3c294458c6d642b2eea9212bf5,2016-10-04 13:02:10,f9bcf9d8e89d012d7dc24fe4de0abd80,computers_accessories
aadd27185177fc7ac9b364898ac09343,MT,36989eb07a0de2d3d3129eea35553875,2016-10-04 13:11:29,43bb8825dd6838251606e5e4130cfff4,furniture_decor
aadd27185177fc7ac9b364898ac09343,MT,36989eb07a0de2d3d3129eea35553875,2016-10-04 13:11:29,43bb8825dd6838251606e5e4130cfff4,furniture_decor
e0de521fbb397bd7e83d079fe66357b5,MG,3f72d2b757e725cd48a4726f831c7789,2016-10-04 13:15:46,eba7488e1c67729f045ab43fac426f2e,perfumery
3c521eac04e2dca4702dcc69789618c2,SP,f3f12fc90564a9b036680a887cd64668,2016-10-04 13:15:52,4e0946aebc8e1d7521219ec1e7380aed,toys
b9c504b633cd3d85d4128856a67209c2,PE,5b1376fe61863fe3508011db309e35fe,2016-10-04 13:16:57,2235d08138bfce7801a73463a3168ea5,sports_leisure
16e14c1e6e050fe6730c961ff638ca23,RJ,63638a6806d67773f3adba8534553fff,2016-10-04 13:22:56,85b99d83c60cab5b4d8f927ad35212a1,furniture_decor
eba930c3950c6964961c7c72f7f6a461,ES,fbbc9a4fa88f1ccd651790df665b3e57,2016-10-04 13:30:13,44377a26f7c80dbf0a9b2b300604e6bf,health_beauty
81e4aed5ab4253757305267b80712689,SP,711b9be9c346d9ecdb9d38a5e1e7e39b,2016-10-04 13:38:37,d6f3bd7b1fc04fb1a2effb51ae44ab17,consoles_games
bd6048a0960b15881f1ae5dca277fb52,RJ,4d66b3a9d12facad48a3b23cc9fe7898,2016-10-04 13:40:43,0c5801458e74f9b6c23b44c331426e30,cool_stuff
53cc5d344077104b59d4f6836a90eb0b,MG,22613579f7d11cc59c4347526fc3c79e,2016-10-04 13:45:08,3ff81cd0e0861e991bb0106c03c113ca,toys
7f0ca17bb33b230b47459437cf0682c7,RJ,7033745709b7cf1bac7d2533663592de,2016-10-04 14:13:22,35084deab9603bbb6035bb8638b1df89,furniture_decor
27ab53f26192510ff85872aeb3759dcc,RS,35d3a51724a47ef1d0b89911e39cc4ff,2016-10-04 14:23:50,c1488892604e4ba5cff5b4eb4d595400,furniture_decor
68c74d748a55f9d29e6698f4b01a0df7,SP,356b492aba2d1a7da886e54e0b6212b7,2016-10-04 14:44:33,eba7488e1c67729f045ab43fac426f2e,perfumery
01be2c0c2d55c597b5ec011e26e4b0d1,RJ,60762802b48bb6d256d55b013d115013,2016-10-04 14:49:13,eba7488e1c67729f045ab43fac426f2e,perfumery
2ff5a6455514da421bd25d6e4ceb1d12,MG,5cb8558cbb7c0c2f00f43468579d3e3c,2016-10-04 15:02:37,ad5396bf96af6ede77130e54ad266c61,furniture_decor
a0f95ab56c6d3a5ba0036b7fdfeda07f,SC,51725d3e4bdfc97e28b40543310da8a3,2016-10-04 15:02:53,79938780eb7ffb7289f59a9a283bc06b,health_beauty
a0f95ab56c6d3a5ba0036b7fdfeda07f,SC,51725d3e4bdfc97e28b40543310da8a3,2016-10-04 15:02:53,8f1e43e0e3374ed8c84df748034d6179,health_beauty
6b4acd0818e5852c5271cb061ccbb493,CE,83812118bb682267a9880ea1b261ac4b,2016-10-04 15:07:21,eba7488e1c67729f045ab43fac426f2e,perfumery
8fbab2ff4df1a7cc9531b14a686bb3ce,SP,a041155864e5141116458291313b35c2,2016-10-04 15:10:15,29bedbfbe73ea473396306b4f0c010ec,housewares
5116eacd8d620b734c26a0f04e19b60a,SP,de1404a068c6c8c909897886a314bad7,2016-10-04 15:12:18,f422d0d9f8b5f7c27289382b14b61248,toys
93b0959b3704e65ceaf6cd4bcdfea834,MG,985db56d4cabd2577d0960194dd2cd5a,2016-10-04 15:35:35,062619359d5f9a664606cb2a6ccb477a,health_beauty
dc7cdb748679fb6f280f66d7582c5e59,SP,98974b076b01553d49ee6467905675a7,2016-10-04 15:44:44,ecf23a6c1689e2bed38171ececac6138,housewares
0f51eea87ae9e277d0f099d51637772d,PA,39d0be719247e3b3a38846ba810197ea,2016-10-04 16:02:18,e095c986136fd680308f08bc98f20a53,cool_stuff
53a400fdb22676639e4cbf33197e2a6e,SP,d2292ff2201e74c5db154d1b7ae68cbb,2016-10-04 16:05:29,e1ed3c28e40cbce2783e79eea79e8701,furniture_decor
66ab9fd5f2a463fcfa0995c05f46680c,SP,50013835d7b14aefb452825864d3e414,2016-10-04 16:08:52,473795a355d29305c3ea6b156833adf5,perfumery
442d66f0d96f656096dd70f1b0391e40,RJ,a6475bb7a50387e3c665534e15bd40ac,2016-10-04 16:28:25,39731b928af43b0f49dd60d4706e403f,health_beauty
7235fa173d845addc1fab54a111725f4,SP,6eb51c1c9c69f78ea9fd4665fb98b7d2,2016-10-04 16:40:07,473795a355d29305c3ea6b156833adf5,perfumery
663c23427108785957931a3ac88f6085,RJ,cb29497c3782a76b57327c055d58b0e0,2016-10-04 16:41:59,8adc1d29aa4fd4d758a91ef997c8a0a2,toys
663c23427108785957931a3ac88f6085,RJ,cb29497c3782a76b57327c055d58b0e0,2016-10-04 16:41:59,8adc1d29aa4fd4d758a91ef997c8a0a2,toys
21a6abdf0197fbe57451bd0a1d3c59a2,SP,6b3ee7697a02619a0ace2b3f0aa46bde,2016-10-04 17:08:39,4c7d4a2efde21e3bf1660926fabc6a9d,health_beauty
3dc7eb6da6c008460353d9a171e8fe6d,SP,5204d67853f827d1ee32810bf8f2d6c2,2016-10-04 17:25:09,b6f134ff2933bb0ee1f36e2865f21a91,furniture_decor
c6045ecabc5f74048d727035f82c3826,MG,ae0913baa54f18027667d8049c36fde2,2016-10-04 18:02:37,0f3c8906e5b08127d539956bc587074c,sports_leisure
9e18a290b9d17b14fe33b68a0ea2bfeb,SP,b0cfee6ce5503781be6004e0e31e4309,2016-10-04 18:07:24,44377a26f7c80dbf0a9b2b300604e6bf,health_beauty
7a692b1ff18c8c21156b886e02e80040,SP,95e01270fcbae9863423400103359279,2016-10-04 18:52:56,b73f6899a58fe7a37e55149e9a11c717,office_furniture
da1c9a7e7fa9de1d48ecd6d6e027313e,RJ,03128233e78ed8ade6738f2043f4cf8d,2016-10-04 19:01:13,3cacd5299c846cb08ae1e445fd78392b,health_beauty
85f0e92957e9fb9c5f72ba5378f492a0,RJ,90aea7c4e52538a18cb9bbfd16f09185,2016-10-04 19:25:29,4fee671ea459ebc96546523917e254a5,consoles_games
9031f9dcde5860b34e6c65ac5c796d30,BA,d1eb8e4e276a4eea13a5c462c0765e60,2016-10-04 19:30:28,c3b8f6be3507bb05fd83797f81f679bc,telephony
1fc56719b52f82c03caddc5faf531fbb,RS,6e0d2539e48e84296bae6290de41058c,2016-10-04 19:41:52,4fee671ea459ebc96546523917e254a5,consoles_games
483da61b9de320d057934319d30504b5,SP,893dc49276696129a9bf6f2a9fe23e57,2016-10-04 20:41:55,27051f70cfcbd63fec388f34e1f0d2a2,air_conditioning
fa56d5dbed23c641e19a12b6d7392833,MG,bb9fd560a08ca7403789dedaca85da14,2016-10-04 21:25:32,3c37a8a5d5ef2eca9d5e6ccf39673031,baby
5dd777a48c8124ad7284bf0ae14057e9,MG,8d47519f5c9c42540b37bd3db0492878,2016-10-04 21:32:35,3d37da85f5e66558333fb5daee494736,health_beauty
8eff66e5b7c425dfbbe9a2cbf0f3883f,RJ,88130f20a472f28fcca9dd5d50358820,2016-10-04 21:35:54,b846c1b90a30689a98f530aa20edd424,sports_leisure
75e8f990b9e289013b1d092614b52487,SP,5cc475c7c03290048eb2e742cd64cb5e,2016-10-04 21:54:52,3410cbd7df2130ec3cb9300ef0fe3df1,computers_accessories
1365d1374ca6c72869ff0c56963f176c,RJ,cfdc6f2061897ed3b3f1a9ac3437c6f9,2016-10-04 22:03:46,201ec8e4fb8456dd06265be68eb419a7,furniture_decor
1365d1374ca6c72869ff0c56963f176c,RJ,cfdc6f2061897ed3b3f1a9ac3437c6f9,2016-10-04 22:03:46,201ec8e4fb8456dd06265be68eb419a7,furniture_decor
a17dc8aaea9743dbccaca067b5ac3b43,SP,d2d67121a09535b3a7b6a000e58d8625,2016-10-04 22:15:11,7cd29da0653abeb444703cc5a957f479,health_beauty
00474d2582fd72663036795b7ab8cfc1,PR,8b388d845a3e8700444b971fa2bef902,2016-10-04 22:33:44,35bd74b6319ba18ae4f30d8b54144fd2,baby
00474d2582fd72663036795b7ab8cfc1,PR,8b388d845a3e8700444b971fa2bef902,2016-10-04 22:33:44,dc82d7e8f99966cb4c641f7ea5590eaf,baby
04a043776b45158df5f274435321c199,MG,a9fc3ae13c740ad46532fd50b61c69d5,2016-10-04 22:43:33,bd701724b9bc9f955e22db8ec65b5097,furniture_decor
a05daaa7b79d7053da895ee3b342cf2d,SP,dd11631d8b02780b78bd97ec44a1ca8c,2016-10-04 23:08:08,27051f70cfcbd63fec388f34e1f0d2a2,air_conditioning
a05daaa7b79d7053da895ee3b342cf2d,SP,dd11631d8b02780b78bd97ec44a1ca8c,2016-10-04 23:08:08,27051f70cfcbd63fec388f34e1f0d2a2,air_conditioning
76329463ae17ce6629dd04e014aa72e4,PR,1c4deb98d216d2fda120204a5fcfb57d,2016-10-04 23:26:51,e7ffaa35a5caaca3366f5cc5705b5fb2,health_beauty
c2c97a4df7be5639a8976ed8b8516e81,SP,a8c3f65a43b2e956cbfca10db4300853,2016-10-04 23:39:01,e08d86e1c599e2373d95380ac9a3ccc8,garden_tools
ce210e14256d0dea4b6b487c2ed032d0,MG,f001655c8c646cd1b5185bbc2e7534f3,2016-10-04 23:45:54,b560b8ea76437c088ea9a83c49316fb5,perfumery
3f6f000d5b0a959f38481fad4ab7cac2,PR,bcbc0973414b1dd97555e6f8e9713cfa,2016-10-04 23:59:01,fd440fd792fd8a4b681f1eb258c25445,furniture_decor
3f6f000d5b0a959f38481fad4ab7cac2,PR,bcbc0973414b1dd97555e6f8e9713cfa,2016-10-04 23:59:01,d48e56be99464cbf285a9da17f618165,furniture_decor
3f6f000d5b0a959f38481fad4ab7cac2,PR,bcbc0973414b1dd97555e6f8e9713cfa,2016-10-04 23:59:01,48a12f318432c4b6a1fdfd5d79372e66,bed_bath_table
3f6f000d5b0a959f38481fad4ab7cac2,PR,bcbc0973414b1dd97555e6f8e9713cfa,2016-10-04 23:59:01,66e08854f9319c6aa4874ca435598331,bed_bath_table
88927ff4f54b497957d9947e926ec6fe,SP,7a7d2c889e27d93b2005462a8788e168,2016-10-05 00:32:31,f6fe388c9bfc145a2790437f1e4888d9,fashion_male_clothing
dacb079d55ffb1d3955c5d923df3ebb7,PE,cbbb524a0e1646aa6cf7a3c0bbe517ad,2016-10-05 07:31:49,bab7ff9abbcc13690a62d015f2ca8e44,computers_accessories
e4780f4524969db38b49dd1c82e03fcc,PR,18dad78c0f87f4c45ef196daeaa3ffbb,2016-10-05 08:01:47,0fc6914383c2bea767a9562c9d8b43a1,computers_accessories
1cbeb91a58bd89ee2df1bc32f3311209,PR,b2f92b2f7047cd8b35580d629d7b3bfb,2016-10-05 08:04:21,8f1e43e0e3374ed8c84df748034d6179,health_beauty
ac68706c6f747bf0f7e7986a7ba40155,MG,34c718970b33419ed6d537a90366231b,2016-10-05 08:41:18,7ed8c74b7ad2f1790a24a24c071da537,toys
a25c191eb1025845e8e9d1d806fa2605,RS,0c7fc95baa5e16992ed412ccea7f28b3,2016-10-05 08:46:55,9805b37a2e4983fb5dbb5c8168590c44,industry_commerce_and_business
b0db02848249cbe57e7e5732976ced8e,PR,86df4a2f1f5cd47ee3f5bf1781240d1a,2016-10-05 09:19:46,2636a9812d151c718b53387171ce08be,health_beauty
46fc16f07712c5cdcdd55911a3297e16,PA,acf83f0e8fb878cb25197344426ed10b,2016-10-05 09:46:43,5cd07c84a1c25575ac2fc3fa73f1d952,toys
f760b83264231599706a6e4df91fd137,GO,c46b48abd599551232324a6e9077bf19,2016-10-05 11:01:40,eba7488e1c67729f045ab43fac426f2e,perfumery
4aa9a7eb520f8efdf80da20ba889f190,SP,e2eaf909eb6ba881117aa407992a5ffb,2016-10-05 11:05:52,b73f6899a58fe7a37e55149e9a11c717,office_furniture
e561a3f61440b031d3be286a696d06eb,SP,92b44b87f1f7670b8911c5f0e642435e,2016-10-05 11:08:46,f07ef9dd6e2d9a366ff30a25e210be70,fixed_telephony
01fc05160cf790b9ed54ec795ff07688,RJ,98750f114ae6088d04ea0d3cfe3f137f,2016-10-05 11:44:41,5c75915e4a74994308fe805cdbfbf5f5,auto
5458c93e0db88f9b885bc7dbc3bfa2a3,MT,97d2f8fe76f2f253b8291e17b5383884,2016-10-05 11:54:15,a8255c87078b4bd9bc05fe7290ca5c25,auto
031f08a1ebdcfb5e706831bf64de3860,RJ,31b0dd6152d2e471443debf037ae171d,2016-10-05 12:32:55,473795a355d29305c3ea6b156833adf5,perfumery
a39a11e156aa248ef573dbb7c65580d2,PE,cac247cece621e1bc64748d44331d22d,2016-10-05 12:34:04,eba7488e1c67729f045ab43fac426f2e,perfumery
6deeb4ffef6cf320ef5a642302f04104,MA,ad1aeeb1a99c9f021e38a49865bb812c,2016-10-05 12:41:38,d9894482fba41f536a273ba2276d951f,market_place
6deeb4ffef6cf320ef5a642302f04104,MA,ad1aeeb1a99c9f021e38a49865bb812c,2016-10-05 12:41:38,d9894482fba41f536a273ba2276d951f,market_place
6deeb4ffef6cf320ef5a642302f04104,MA,ad1aeeb1a99c9f021e38a49865bb812c,2016-10-05 12:41:38,d9894482fba41f536a273ba2276d951f,market_place
6deeb4ffef6cf320ef5a642302f04104,MA,ad1aeeb1a99c9f021e38a49865bb812c,2016-10-05 12:41:38,d9894482fba41f536a273ba2276d951f,market_place
6deeb4ffef6cf320ef5a642302f04104,MA,ad1aeeb1a99c9f021e38a49865bb812c,2016-10-05 12:41:38,d9894482fba41f536a273ba2276d951f,market_place
6deeb4ffef6cf320ef5a642302f04104,MA,ad1aeeb1a99c9f021e38a49865bb812c,2016-10-05 12:41:38,d9894482fba41f536a273ba2276d951f,market_place
06a70917afd2dcd59396e1eac836c646,MG,3b2ca3293a7ce539ea2379d704fa37ce,2016-10-05 12:44:09,33e0cfd1cd80a0491da068d7a7f93ff8,bed_bath_table
2ebf822bbf33241c7bffb42235519f92,MG,dc5f6cd4492bbffe5bcda9b87856c9a5,2016-10-05 13:12:43,af667947a84d9ff9d326b60ab75d1ae2,telephony
2ebf822bbf33241c7bffb42235519f92,MG,dc5f6cd4492bbffe5bcda9b87856c9a5,2016-10-05 13:12:43,af667947a84d9ff9d326b60ab75d1ae2,telephony
7aae6b74d7e0a2a11051bf8a16e16021,GO,3f913d30288c117e41ffe5cc74743dc9,2016-10-05 14:36:55,b76d57984db550fe9e6f3ad3467e3025,market_place
c851e38392f26d6a33bfe6f717c0fba8,RJ,59e7ca596664da0a459a145eb95cc9c5,2016-10-05 14:40:44,bf128b5dced56e2ec0391179eb70443d,baby
5bef68c4d2d04c09aee2195ff540f131,SP,719628a909505f12f342015fd53a8d43,2016-10-05 14:49:49,407e01944d78001dbd21da4c2059b8dc,telephony
ef21aebbb093a6db29ccc6aa0b89c347,SP,ac2b7c522d811acba0aa270ed3e112e4,2016-10-05 15:08:00,4632bc49b300378ed4f1d48f424d414e,auto
e937151346d1bec664f5b80cd798bdd2,PE,03ffce741877a000ca0fb3520673d4c4,2016-10-05 15:17:57,660422061e06da17ca6101e9d6b7aae8,sports_leisure
76c74aaff2f3f7355f46d9818ad092b8,RJ,cda873529ca7ab71f677d5ec11a40304,2016-10-05 16:57:30,79938780eb7ffb7289f59a9a283bc06b,health_beauty
6b79d5d9914b88e0e05a19e76dfe926b,SC,2d9e3c3c7f0f3ba8a8fa3db2f1211ceb,2016-10-05 17:09:07,cfd43c5e600d45ac029357406b05dd82,air_conditioning
6b79d5d9914b88e0e05a19e76dfe926b,SC,2d9e3c3c7f0f3ba8a8fa3db2f1211ceb,2016-10-05 17:09:07,cfd43c5e600d45ac029357406b05dd82,air_conditioning
6b79d5d9914b88e0e05a19e76dfe926b,SC,2d9e3c3c7f0f3ba8a8fa3db2f1211ceb,2016-10-05 17:09:07,cfd43c5e600d45ac029357406b05dd82,air_conditioning
6b79d5d9914b88e0e05a19e76dfe926b,SC,2d9e3c3c7f0f3ba8a8fa3db2f1211ceb,2016-10-05 17:09:07,cfd43c5e600d45ac029357406b05dd82,air_conditioning
ebd67b458c0b8b23fa5d869779adc761,MG,cb2b577a4ebd84bf84ff3990084d490f,2016-10-05 17:11:49,a5c3ddb1a400f50d1cf7138727aec136,toys
4ab07666a1b8ff428bda51600a94f753,SP,ca3b8093576a51bea61c9782c7771f62,2016-10-05 17:14:27,1178e5819b87e4a8846d636e39df026b,auto
11ec73ddb032be97ae8f0219cce6cfa3,RS,8729a8f7c27d03afe731463091711489,2016-10-05 17:16:17,4e0946aebc8e1d7521219ec1e7380aed,toys
10d74e1a3adaeada0d8da4a2b2891cc3,SP,14b01335f19b97fce1437168032ae388,2016-10-05 19:09:33,ace91f88d635b9e5563e36cc0a0a8f09,furniture_decor
10d74e1a3adaeada0d8da4a2b2891cc3,SP,14b01335f19b97fce1437168032ae388,2016-10-05 19:09:33,ad5396bf96af6ede77130e54ad266c61,furniture_decor
10d74e1a3adaeada0d8da4a2b2891cc3,SP,14b01335f19b97fce1437168032ae388,2016-10-05 19:09:33,c006d1427332464b79808bd9dfaec943,furniture_decor
10d74e1a3adaeada0d8da4a2b2891cc3,SP,14b01335f19b97fce1437168032ae388,2016-10-05 19:09:33,57d9a5d185e8254383504f57c4b8ddcc,furniture_decor
10d74e1a3adaeada0d8da4a2b2891cc3,SP,14b01335f19b97fce1437168032ae388,2016-10-05 19:09:33,98cd3776d33bddd0ebf8ad8b4732d1b4,furniture_decor
053716fea805d6b29d6f8b6113fefe4d,CE,cf47ad2fb60cae3f74b943646f685c94,2016-10-05 20:09:05,fb01a5fc09b9b9563c2ee41a22f07d54,consoles_games
a6d276e9c75cfeb2db5ddec9add0565e,RS,f7886facb594e65f0c41cdbb0583b560,2016-10-05 20:20:57,5b8423dc7f23089c9c59c5d140eb5a1c,toys
95f592086150f0c95d3082aea047b816,MG,5da2004d85f2828349d887c989da2adc,2016-10-05 20:20:59,72bf8fd8b4596a7fa2c2cfab031204ed,furniture_decor
3a47005be3c2748d25859444f49b0048,MG,389815397a4bcdf3dcf64b90c25b3140,2016-10-05 20:36:39,2636a9812d151c718b53387171ce08be,health_beauty
abd49ba4cf56e622b951f281361f56ad,MG,64f5569ef96004a1e1137bdf28fd4c45,2016-10-05 21:10:56,ecac086eca2f806295b1f43b4f6ca119,fashio_female_clothing
dfac72372f9e21b7edd69eddd81c7b63,RS,b330d4bdde86ff11a726ee57dd2a7d75,2016-10-05 22:24:40,382d28bfa85a9857cd10bfdb1b8b7f80,furniture_decor
603dd05a409bcfe63ca922996c72bdfb,SP,85841af0d94e5d0cd3a9c0e42e565b74,2016-10-05 22:39:46,0534940d69bf94dc61c0e722b4168235,furniture_decor
957f8e082185574de25992dc659ebbc0,SP,d3c8851a6651eeff2f73b0e011ac45d0,2016-10-05 22:44:13,ca17b18b38db6e0d2c33d362322f2a06,books_technical
f7b55e33b283db33596d6be05d796448,DF,27c7c6aa7b6f3de99d2a3a64674d296f,2016-10-05 22:53:45,1dc6a19ea34c75792743abebd47309d3,toys
bfebb91e718433a55143ee450423c983,MG,7a36fa82d4bcff7d936c10be470b9c8e,2016-10-05 23:14:34,b3b0bce74668bf355cbd94db1e4d17b9,computers_accessories
6443519fe0538b895632d5d7817aaff3,RS,62246c16a32a0866943f17d7b42db940,2016-10-06 00:06:17,2c818013dbc95f5cd2d6a393a31813e0,furniture_decor
08c95eb831d93a76079d7e24a117db29,RS,f69ae31bce06a78d626762b53067c7e0,2016-10-06 00:12:47,3cdff94d5455b793b415be775cace03c,health_beauty
7fd973e7865ee210512c6222d387e7aa,SP,2e32dea8a4d1ae5499a67674b387bc6a,2016-10-06 02:53:39,f9bb291280bceedf7840b89e1e75b89c,furniture_decor
da70cbcb5012f2055b4f2c90d28725fc,MG,d0fc18b01244d3a08b0fd12deede8201,2016-10-06 07:08:15,508d48ea59be64138f0015d2cb9c75e7,health_beauty
da70cbcb5012f2055b4f2c90d28725fc,MG,d0fc18b01244d3a08b0fd12deede8201,2016-10-06 07:08:15,508d48ea59be64138f0015d2cb9c75e7,health_beauty
45b5b5e9424ca746ad6a3161de453e00,SP,1970f2fb4b83ff962a75b064abc37f4c,2016-10-06 07:53:10,545085671b9f2d7d2e1a9110b15d838c,watches_gifts
8e941206a8be5ff6eff0de04fa1629e5,CE,2631dba338efbcea9c3ace77ce210c01,2016-10-06 08:28:19,8b2a1e0d2ee4fa00cd00519b7881203a,auto
6fa16a8d44a2d9a89710e9758688c7f2,SP,f781dacd75aa73166785a35929546894,2016-10-06 08:58:04,cf1d8e226162a1d0ad61f29b7ed72d82,market_place
6fa16a8d44a2d9a89710e9758688c7f2,SP,f781dacd75aa73166785a35929546894,2016-10-06 08:58:04,e9b3cf27d68caa64832c4a7c460abcb9,market_place
ddd605e2739b3dfa7ad248ba164ff869,SP,ab8e5f9b860cd703f5f647200c2c7b58,2016-10-06 09:07:52,95c40b993a22463c83beb5c51a03d46c,computers_accessories
b031d0752ca02dd1a780af8278140571,SP,a241bea87dcdd0160ca94ebdba5bdbb9,2016-10-06 09:22:35,e96867993d08fadbc6f828871885f897,perfumery
bea482168e59ee99ecadacecb808d058,RJ,f205336be829af209878b6339cf02c7e,2016-10-06 09:59:13,33ec1056063990a554e2e2cd85219de5,bed_bath_table
b03bfe9da81252f5e3b39196ba3518c0,DF,1c4cafd25254eee31c8c9b8c141fb10a,2016-10-06 10:12:12,09b590ada623ecf66329917ea4731957,watches_gifts
c54f3adc4e82b43d49101975a9bedb2c,SC,7cb5aaf8b7b7b439174c2e4efdf4c7a3,2016-10-06 10:13:53,8bff0b13faf092077c3bba691c07ff16,health_beauty
51cc1e38d0489d588d7a687da73b2458,SP,05bfcf9e287cad216cadb8a850f8db5c,2016-10-06 10:47:15,eba7488e1c67729f045ab43fac426f2e,perfumery
51cc1e38d0489d588d7a687da73b2458,SP,05bfcf9e287cad216cadb8a850f8db5c,2016-10-06 10:47:15,eba7488e1c67729f045ab43fac426f2e,perfumery
0dc0162bbe9965694a426d8c6f1a56fb,SP,1b2d622f7ebb8e65f7de3e389f052540,2016-10-06 11:05:43,1c1baeabe25824c8c22b511643852906,health_beauty
1013b3cb87e89aa951b7f556f8c26d33,SP,59fa27082bb77c5dbd8a6568f3b34380,2016-10-06 11:32:00,4e0946aebc8e1d7521219ec1e7380aed,toys
ed7a6b3de20e5e5593996b3605307300,SP,f31853a4f30d4851c847e4494663e749,2016-10-06 12:21:47,3e8a0f0a4389aa563b110eab167d99d4,baby
63b1c99583effeec017dd7546c6a97ae,RJ,dc91dbf7defabdf37c52672a989bad1b,2016-10-06 12:22:07,0b230f10ac2cfc4c831b825bf31a5de2,pet_shop
1aaa5eaa9dd9bafb385aadc1930ef8e4,MG,35b8e54d765e6b217e2dc5ab34f6b323,2016-10-06 12:23:07,b4763c2caeeac2424b64aa199789b81b,computers_accessories
1aaa5eaa9dd9bafb385aadc1930ef8e4,MG,35b8e54d765e6b217e2dc5ab34f6b323,2016-10-06 12:23:07,0ee7a6e1cd4ecf72e711a2f68b4d8d2e,computers_accessories
1aaa5eaa9dd9bafb385aadc1930ef8e4,MG,35b8e54d765e6b217e2dc5ab34f6b323,2016-10-06 12:23:07,0bfd2b8146cd034448f6e4c8ac8e47f0,computers_accessories
1aaa5eaa9dd9bafb385aadc1930ef8e4,MG,35b8e54d765e6b217e2dc5ab34f6b323,2016-10-06 12:23:07,2c41d13dc2cf0e9c2e8db8952f0f3ff3,computers_accessories
ec271753df25bad1135a375ed6d7f113,SP,b8b9d7046c083150cb5360b83a8ebb51,2016-10-06 12:51:54,12715d8bb61f9c2c26219377d9737584,electronics
407136bd5649e73981dce394b201897d,SP,d743f434cc2921729af830ce00d474b3,2016-10-06 13:02:32,a671b5c0b737258c5a3262826e3dd9c5,pet_shop
d83a72326816260884edd05238aaa508,SP,aef214f769de82d355c5d2ab49e15891,2016-10-06 13:07:13,dca18a6e2fb6da75092ed874094ed7b6,telephony
31a4ecf0bd3ea9436b7132bac1a1bdb3,SP,9aa3197e4887919fde0307fc23601d7a,2016-10-06 13:16:56,1949890685a12526806e9463ba1a3964,fashion_bags_accessories
96fc2a988f8ec40a078ab92f1623bdd4,DF,11837ac14fcdfb163c0b78d91be89498,2016-10-06 13:39:20,a6b32d26b9f925954b1cd8339f664a6a,perfumery
bf3143805b420affe47047794eae0872,SP,60856ac7677a70cd87ad25d9b34d051b,2016-10-06 14:36:59,a18c130946b89ab774bc5948fe71e2a5,consoles_games
2a69da30b726b7f3db7f1059af5d4304,RJ,262118ce178bb3e4590a3adcf6d62e6b,2016-10-06 14:59:56,6aeed495dcb87dd06532f70dea6ebb5a,health_beauty
2a69da30b726b7f3db7f1059af5d4304,RJ,262118ce178bb3e4590a3adcf6d62e6b,2016-10-06 14:59:56,6aeed495dcb87dd06532f70dea6ebb5a,health_beauty
65d08e2bfce2c91a832885c4995025de,RS,b1d88d1e4179448cac98b8d433e23316,2016-10-06 15:14:09,6c0d548acd149f30331671548dda66e8,sports_leisure
6b3ed42b480bc5831a094f35dc11b668,RN,10d1e90a86d2be981a52b6a927c97dc5,2016-10-06 15:19:40,d38b73f9519632415b56acb83abc77fa,housewares
6b3ed42b480bc5831a094f35dc11b668,RN,10d1e90a86d2be981a52b6a927c97dc5,2016-10-06 15:19:40,d38b73f9519632415b56acb83abc77fa,housewares
8f3419df1806ae4718c94209d5fed4ea,SP,4eca6c2d172953276c75dd0e1bedce25,2016-10-06 16:13:30,990ecadcf56234a68b3a0af8d01c0d8a,perfumery
dd0cb909d16aa0eecf68d37defbb7f7f,RJ,b7026ba7432929d99880463305b8ce98,2016-10-06 16:17:56,f3dd572f31692bb5b6ab21d2af0673b1,cool_stuff
193fc54759c7948c87e0795ada003c69,MG,edb2a55c055efbb898171ec9fd840ab9,2016-10-06 16:34:16,e7ffaa35a5caaca3366f5cc5705b5fb2,health_beauty
51d9009f107df3256dcb608b5cb40a7c,PR,ed90ba41c41da31da8e891ff43a584d1,2016-10-06 16:43:26,9d86a51639004c70d7b6037f43ecc070,garden_tools
80a9f7586c30dab1b6cf315b01f20174,PR,7d0eb8de17d494f4151e4470cd1b0605,2016-10-06 17:10:05,2929be0cb603321a26091c3f376d52df,furniture_decor
39ecef3d8a542ee6b91e7bfd7e9a6b87,MG,2276cb38c742033aac3f4a4d67b57ab3,2016-10-06 17:42:49,027cdd14a677a5834bc67a9789db5021,perfumery
076a5ddb5b1240c532093a399dcb47f5,GO,1add1aa4c6e709fd74a4eb691a9fc6bc,2016-10-06 17:45:30,21fb5057dd6a737df6851a7ab7a130da,furniture_decor
503d0a7d55227b38ccce96ec23251f5a,ES,ac00d3859c095d282f6bef69e0ed1b38,2016-10-06 18:03:01,a760ef0bb70c954d79e62ec6023d380c,cool_stuff
efc07f50d0a9346ec00e1c37b5b10748,GO,509a52223ecac6d67fb765b3b37c6974,2016-10-06 18:11:11,10dd77710da08ea43018cb3b4cedff92,sports_leisure
198b639c2da0e7f71ae2b720ad67f47d,PR,0e556f5eafbf3eb399290101b183b10e,2016-10-06 18:50:25,aafec8ef0f0e7bf2f2b811450df61818,fashion_bags_accessories
198b639c2da0e7f71ae2b720ad67f47d,PR,0e556f5eafbf3eb399290101b183b10e,2016-10-06 18:50:25,aafec8ef0f0e7bf2f2b811450df61818,fashion_bags_accessories
96c492da7645ca77d09a59b20d415cfe,GO,3d58fd1ee438a43f2a826dda6b013519,2016-10-06 19:33:34,c2c503e76e239d461b3e92222f6b49c5,toys
73cb441c896a460a30affe43bff3df82,SP,d2945e686c883978378a10e49be7fb24,2016-10-06 19:38:12,c66d6e9a7e915171e7e3102f9afee78c,fashion_bags_accessories
021833e9737a1145b5a6e3053f0f4329,SP,323dad8c483c7f8b818a825d257f4aa0,2016-10-06 20:05:04,152153cc85a6e47325494a479a93fc4b,telephony
bd0342f59a3b8ddc416bd048b2b5d0fb,RJ,e2144124f98f3bf46939bc5183104041,2016-10-06 20:06:26,8d3995daf4103cf13ff5400bf66c1587,baby
3f63878c497f2703038d3eb23f8516b0,SC,6ece326e25f193d084e3dc092bbdd93b,2016-10-06 20:15:20,a10553a1882cc51b8910c246613fb0b0,furniture_decor
64c17343b6c53ee761fd232e84384848,SP,0d9664d8da1dc4337269071b39e19423,2016-10-06 22:00:27,eba7488e1c67729f045ab43fac426f2e,perfumery
e76d70baaf2e6bf919577966bdc5ce8f,RJ,1a2b0033f0b7a3116f00594ec5524344,2016-10-06 22:23:25,f422d0d9f8b5f7c27289382b14b61248,toys
a998e828a104504f72ceb338f92043b6,SP,517e0a52c193102990befc46a5c5245a,2016-10-06 22:34:03,bb0697bdc552a255c992d331ca09afe3,fixed_telephony
950c3e2b1eab245ac9e26cf96a1c6a23,PR,ce9840efc17fbec501472f7c784be1bf,2016-10-06 23:21:10,bd3024f7222c241a5e112251621397cb,sports_leisure
ff1a56726b7ea149c7423865609cc0c8,RJ,5cd498954e2b37d71b315166809b4bd7,2016-10-07 00:54:40,896a64a7f34cdfef2c60ce59fa2a148f,perfumery
ff1a56726b7ea149c7423865609cc0c8,RJ,5cd498954e2b37d71b315166809b4bd7,2016-10-07 00:54:40,896a64a7f34cdfef2c60ce59fa2a148f,perfumery
ff1a56726b7ea149c7423865609cc0c8,RJ,5cd498954e2b37d71b315166809b4bd7,2016-10-07 00:54:40,896a64a7f34cdfef2c60ce59fa2a148f,perfumery
98661b627038780e9e655a56ebc23dc6,SP,05c7d88e9c05e1fa1428f1ff2dcc29da,2016-10-07 02:41:42,4e0946aebc8e1d7521219ec1e7380aed,toys
dbfc2fb6a9424037815a3a887c10be61,SP,835bf4777ad72891587719f1098e3528,2016-10-07 08:28:29,2636a9812d151c718b53387171ce08be,health_beauty
edf0b9f3196ff6f4702be2d540f684d4,RJ,e90f9a57c17a06b37c5830a2ab1bd209,2016-10-07 08:28:42,6e2c62713ec17c681eacdf653dddb4e5,garden_tools
80a46d4f35bf6a44fb4194ff13d945c9,AL,eb45ce36240dbf895bef98be0d1a85d3,2016-10-07 08:49:03,54c31c4585d30843421c7ea07d80f84e,computers_accessories
924743e5e7df4683b9f051c4b9961e9e,SP,8e7ef380ad5ae407dffbe2f0826cae73,2016-10-07 09:33:06,4e77e23d6c2215228d4ab312c0b8d405,perfumery
93d8e0590f3a63f34c9506149982618b,SP,9315757eaf0e782619bed131508dbddb,2016-10-07 09:41:02,e41a6ac2f57a273eb0d214c7cbab5db9,office_furniture
999196dca58a3db3d966d8f148532010,SP,76458889992169d3135b264dc13aec67,2016-10-07 10:05:16,c50663262403f916d58303c231e7ed3a,furniture_decor
8dcc5cd0569e6c1cfd0444e4a26419d4,RN,5fe46d14177744ae2180101ce19bb414,2016-10-07 10:06:58,aad225c687cc75ba1148d41f2ce414c2,computers_accessories
ed8be358abd6a8b37ba8cc9d485e7bbb,RS,7ac6f4778cd283c6b76c66fe1e0d4431,2016-10-07 10:11:42,8bc9dee0f2da0b7ad43095be7ad8414f,cool_stuff
f6d0beda15d742eb9351737ba24ec199,AL,676157c2d1075c88ea0009f8d7d2d389,2016-10-07 10:18:50,f0f3c686ec837b27ec9da08762d85317,auto
691d28310063e5b36b732b117f2bcfc0,RJ,f688669f48063536e082bb32d634cd46,2016-10-07 10:28:56,c66def7098f4d87751f40c3a4855ced1,toys
9cf0657bb79b3c818fd37100f4526d8d,SP,1dd1d53c1ea5df0ef093bf150807315f,2016-10-07 10:44:21,3d37da85f5e66558333fb5daee494736,health_beauty
8a863458d761a9b40faba0ea98094eb9,RJ,5c973d2b4652e1dec15353b59339f3b4,2016-10-07 10:45:48,e9eebb8e8ba0fadb9020f8ba1c003b48,perfumery
75435919ec1c2171f20033e15cbaf004,MG,7d7bf3ee337c36ce012762da5f28f53a,2016-10-07 10:46:03,4d7ccacbf7d2dd3e566cf5f149fb92e8,computers_accessories
55c9044401ffab0c717f24405e2e042f,RJ,02190241f7190a1f3c7e0df95a749c6a,2016-10-07 10:52:22,e00d2c49504aeaf7acdc9ff7cf8a6107,toys
55c9044401ffab0c717f24405e2e042f,RJ,02190241f7190a1f3c7e0df95a749c6a,2016-10-07 10:52:22,e00d2c49504aeaf7acdc9ff7cf8a6107,toys
cf10056dcb7d1fb5322dd86d12936557,SP,640aef9709beda161ca0b5af58ac437c,2016-10-07 10:57:46,abba22ec8f8647474e51e996d74da8e7,fixed_telephony
efec125e0fd56164c37c9f1e1c804cd7,SP,f7310018040436b01ab03f81b301b5de,2016-10-07 11:20:34,ecf23a6c1689e2bed38171ececac6138,housewares
efec125e0fd56164c37c9f1e1c804cd7,SP,f7310018040436b01ab03f81b301b5de,2016-10-07 11:20:34,ecf23a6c1689e2bed38171ececac6138,housewares
efec125e0fd56164c37c9f1e1c804cd7,SP,f7310018040436b01ab03f81b301b5de,2016-10-07 11:20:34,ecf23a6c1689e2bed38171ececac6138,housewares
814d58f5b1b9829ab9a1d690b13dba62,SP,a8846701b9f3e21e64c9062ed3f4dfd7,2016-10-07 11:33:35,b11456f416365fcb044ae90260691ccd,toys
506a9747164ba320cf874723aad41c23,SP,6ef172eee30cfbfa01516ce2eb2ee68f,2016-10-07 11:37:12,d5448c89ef7dc8228e12ae75e180ba74,telephony
57108de6e1cf238dfd0ed00e3d878096,MG,06d7e8a85f5cfef576c5303ed7d7f2e5,2016-10-07 12:06:30,989fd236458b9c0410bc6e1cf23cde4d,cool_stuff
9ebd9edc6854d388eb4a9d1283acdf96,SP,fd4b04818375a4ba579a80c8d37f1b24,2016-10-07 14:15:50,34239894e175b17d8c84edc6c73b4dad,baby
345243f3e37e32114d9cf17eb7a11c29,SP,95d31d53ccc53bca2c13fcd535d67526,2016-10-07 14:40:45,d5f4f441812a9a67cf8fa6d6019192c8,health_beauty
cb97139155fd2220668ff63d8e970c64,MG,98beb6d036255a151fd6d5000ad66da8,2016-10-07 14:42:07,525a5744fb5d26e4035d0610446900c5,market_place
f5389cd0ee02b3476058b95446ebc174,RS,555761ab2426364f42e9e018047df4e0,2016-10-07 14:42:24,9805b37a2e4983fb5dbb5c8168590c44,industry_commerce_and_business
cf5112cc5129776cc69c956dc265a5f7,RJ,f716dffba1232aaef7c899fb8c14db97,2016-10-07 15:12:40,5e57a146ccdca976190821a00a059ebf,perfumery
95446917717bb58d553d107d0f1668f6,CE,0efd0bc268d34da3f01f4ff25a6d4335,2016-10-07 15:53:31,6dab56beb5263f0d554cae5c55809208,health_beauty
7615536f9443d90e9971a9002fd9abf5,RJ,96123b9ae5a9cdfd4efe5fe402a94675,2016-10-07 16:50:52,8a8ffceebd3e62e6b982760275d38128,health_beauty
7c72a0cfc64d38509b262a4e85c84d9a,SP,c78634fb21ecbb54b2b2498a660082ac,2016-10-07 16:56:35,db7a58cce179f80f562fb714ceee9319,baby
7c72a0cfc64d38509b262a4e85c84d9a,SP,c78634fb21ecbb54b2b2498a660082ac,2016-10-07 16:56:35,db7a58cce179f80f562fb714ceee9319,baby
b8097c8f0c1f58ab56a53812a446a898,MG,19feb5627c41ea1b36a8e50a469b3644,2016-10-07 17:09:56,4c72e6d081c8a1b5430351d015eb86ba,furniture_decor
04356ca5b944f7a92d6b103bdb44268a,SP,50f357099566f1be7abfaf8d9dc5b004,2016-10-07 17:13:42,bcaa4355b2521984b94978febf3f2b10,furniture_decor
7470a1ddb5f78a811fbef15b2556781b,MG,021d08e4057e5b6414c8d2f69f4f72a0,2016-10-07 17:37:49,a819714dd23a6ac18b1be2b13686017b,auto
e15daad9efaafb0d4d10043c9ca77e7b,PR,119d2d80c921d5b4806a1b19b4e8c531,2016-10-07 19:02:48,a07f07c939807b4c970452eb30a130e6,furniture_decor
e9a5cb5d9783e1fc38e23730ff24c51d,PR,376cc9a8f827d17966ea7c4b182f4426,2016-10-07 19:16:49,79938780eb7ffb7289f59a9a283bc06b,health_beauty
285195a5b585842e25bd1ef9015a8413,SP,063b573b88fc80e516aba87df524f809,2016-10-07 19:17:00,3d37da85f5e66558333fb5daee494736,health_beauty
a6070315382f5f1e536be705f64ab209,RJ,24523db64c1af3f40f27cb4416fa5ea6,2016-10-07 21:19:32,636f5be2cd52da4047bb73b7b15329e3,audio
e4c44f8397c63555e4d0b11f4e7addc5,SP,5bda3e4d7080c484cd646a53165a7892,2016-10-07 21:30:12,a063b454bac19ab435a4594bab9b9eed,pet_shop
378149ca89a5e5020931071114dd8865,SP,a909c24a30d5a05204ecb7ef3f11e321,2016-10-07 21:50:26,5008f57a319af1670091cd1d64656910,cool_stuff
e9c6723e04c4e53e7e9c3afe383f3866,SP,e439ced3d48f1a77f6ecc029cc946a6f,2016-10-07 22:35:59,a694f2632fae82ef419fd71587103dc9,sports_leisure
912f108a7026f25f99240a5c4c60e2c3,RS,45973912e490866800c0aea8f63099c8,2016-10-07 22:45:28,46d66b9ad911a2cea5e3c9127aa7fac5,air_conditioning
912f108a7026f25f99240a5c4c60e2c3,RS,45973912e490866800c0aea8f63099c8,2016-10-07 22:45:28,46d66b9ad911a2cea5e3c9127aa7fac5,air_conditioning
65e1faa1535d1b4ca089fd7b9e84b5b3,SE,7254ba1421bac35de5d5da660715bf0e,2016-10-07 22:46:51,05fca08b4d54ab5d1d371db7d5534136,computers_accessories
cee53b7d3dd56da687a4fa61c6ce8d32,SP,1069874467b6a425853288c450f68fc9,2016-10-07 22:51:32,d0b92134fa97a1ead038775a821847ea,furniture_decor
494622d8ca78370960fce737e9ad15c9,PR,7559c51df991c6861e6a8be5fb1e3751,2016-10-07 23:18:38,21fb5057dd6a737df6851a7ab7a130da,furniture_decor
a9dc96b027d1252bbac0a9b72d837fc6,RJ,bc0e0c28cbe995798d3afb7c7c75d269,2016-10-08 01:28:14,fd8a5b9a8a79d7ba0739d69be5dc5aa1,watches_gifts
d96619b47e477e6bcc377bb89f2ddaee,SP,6335afd8e6b7eb0ebc8bb71ea0008f6f,2016-10-08 02:18:43,cac8035fdb858496d8e1b60ba8907d24,consoles_games
8b822fa56bbe10f4f14af6500eeed98b,SP,6ad644c08b98d152d28f183097633d41,2016-10-08 04:01:53,9fe172fa8e662ca8572cf12abf8bce23,fashion_bags_accessories
680043a09260a212d1dec021dd1efadc,PA,57c0b0276ce0eaf721a4424bf077ce8b,2016-10-08 08:05:21,8814a3da37fb9673a5ac06f82a2a00a9,furniture_decor
680043a09260a212d1dec021dd1efadc,PA,57c0b0276ce0eaf721a4424bf077ce8b,2016-10-08 08:05:21,8814a3da37fb9673a5ac06f82a2a00a9,furniture_decor
680043a09260a212d1dec021dd1efadc,PA,57c0b0276ce0eaf721a4424bf077ce8b,2016-10-08 08:05:21,52b668edc0d0c20cd9319bfda4019597,furniture_decor
6676a459c2b773481c9dacde3c44c680,PR,38c5c2886f2aab75bb1ae3f79a3f300d,2016-10-08 08:25:32,5a6b04657a4c5ee34285d1e4619a96b4,health_beauty
b75d72658f51cfc274b14adf1446590a,SP,e4ccaabafa125b3b39a9331b0abced9d,2016-10-08 09:50:08,c351fada6ffa67ee3876b1cc568a90b0,sports_leisure
2bea781be88980e68fb5bbac765fccdb,RJ,84d8cb80e8228cbea6d970499c3ce3c3,2016-10-08 09:55:44,2ef9d434efcd0544c16be36a03c7652a,perfumery
7df232c2148f611e1be8e3fd383599e0,PI,1e8c2b738fde51956f03f1a59bc86003,2016-10-08 10:07:25,bfe05de8c1ac3259ae43ada77182d840,health_beauty
97f4b6e455ba303fbf1dfea62b8b6f61,MA,82e4f033f60598903866557d89c9c042,2016-10-08 10:26:41,0ab80f38a21093b448518f68efe82c24,housewares
14a2912b7f370c345cebcda474774f55,ES,5f4c8250b9e6ee47971e0b19da4aa0f2,2016-10-08 10:31:00,c62dee961914cc2e49239963b04258ec,office_furniture
258c52543b8045fe23644c47a645c9fb,CE,e2ea01f68f92f0c55b08ca739af834b6,2016-10-08 10:55:44,1097d069f21f90425a11bb3293ca1d87,furniture_decor
a69ec5f1dbf0907aecdb6eb748f70036,DF,e9555dc20eba7e4e62210df1f438ea00,2016-10-08 11:33:25,21fb5057dd6a737df6851a7ab7a130da,furniture_decor
a69ec5f1dbf0907aecdb6eb748f70036,DF,e9555dc20eba7e4e62210df1f438ea00,2016-10-08 11:33:25,21fb5057dd6a737df6851a7ab7a130da,furniture_decor
39f51cf31b3d2266b99005da1b5d5b79,SP,ed83f6065ae47112c8cfbd22e231b6d8,2016-10-08 11:47:15,bcb4f6803e8889a70dc5ed14c2f5f785,computers_accessories
705ea3eb85deaed8f68356890e5e3c7d,GO,df30f88407baa98218b16abe7032899a,2016-10-08 11:50:02,5e57a146ccdca976190821a00a059ebf,perfumery
230787cbf8da57cbd10d7c223cde6f1f,SP,08edff712f0cd04883215bdb5b0d7c7f,2016-10-08 13:54:03,5e80fe2cee2f6de9a494047ed35a2fe3,garden_tools
bce63020814afdf2717e3c9b9ff1534e,PE,b582532527260a8be949eac9f4d0ccff,2016-10-08 14:31:26,c29a770821480abc0e0150220a24e7cc,furniture_decor
bbd6d73964cf368d685856fc8cb04534,SP,67418605ab8f9414a2e238bbcdde1312,2016-10-08 14:48:08,6c32e1f7898b6a905ee6ccf087461abd,furniture_decor
0a9ee4d9030acbe428769c79d0c4da69,BA,9d664ec86be69d869bb6870294c4fdd8,2016-10-08 15:02:10,d26580768894ea0cdc9f19dc672956c2,housewares
6cd7106899e59a1fbd0622d5f1efedf4,SP,8c78d01de3a9009e23d6877a7cc9be20,2016-10-08 15:36:50,36696562bef043d7e07305d62baf5ca7,furniture_decor
6cd7106899e59a1fbd0622d5f1efedf4,SP,8c78d01de3a9009e23d6877a7cc9be20,2016-10-08 15:36:50,2b50a33b93e3b489f648b9166a62e13d,furniture_decor
7bea2f07ef082a136c0fd7d455c8e142,MG,b157079a62d77688a0f66043aa1f0306,2016-10-08 15:42:14,6c0163ecd7df58f4240f9a83ca6079c7,computers_accessories
2605d144097120a05a112c61bd1c4397,RJ,deb08269080b64b8e69bcd06b808889a,2016-10-08 15:47:56,3c980d4656c6379e6dfd704a2cc48a88,baby
7591ab894fb4a47debe5beef968b6804,SP,ed3d575bd3358123b063ee64cdecdef5,2016-10-08 16:02:07,9c7bdf67b06b419aefb93cfdfc96c55d,sports_leisure
9ff88efe6c5c047c8894c5e6c2cd206f,SP,6b5e619dedba6d4297fb10dd5886912f,2016-10-08 17:43:25,9805b37a2e4983fb5dbb5c8168590c44,industry_commerce_and_business
9ff88efe6c5c047c8894c5e6c2cd206f,SP,6b5e619dedba6d4297fb10dd5886912f,2016-10-08 17:43:25,9805b37a2e4983fb5dbb5c8168590c44,industry_commerce_and_business
5f767a0a4e820c2361c11dab364d3f98,SP,d868cf92a5a1305fc7277c60062e81ac,2016-10-08 17:43:26,e12685e3aebb14bb04c2b22992de81cd,furniture_decor
85a0cc8a137bc4c700f160c817467671,RJ,bd726a1bcd046edd7019cee8a66245f7,2016-10-08 18:39:08,ec1600d8f15b93ce3e402f522696a18c,health_beauty
1c1e931635c21508c29086be9de9aada,MG,c98b0fbac2717f072d5089e8af088304,2016-10-08 18:45:34,50908a7240199b240e6d857e740cafd8,health_beauty
94b216231ec09ee34764a8d456126328,DF,fb5114c39f632a52598cf770c6076620,2016-10-08 20:02:32,269e87010f6d5e57015a90b00983e334,computers_accessories
9c44588abb2a5c2b5bbd40184e3ac0b3,GO,4723d255a158f5b6c5a872264e3529c5,2016-10-08 20:16:05,7cd29da0653abeb444703cc5a957f479,health_beauty
ab421b93f847af0ef7301421bb36da5e,SP,04bc36cd51141e11c2cbbd188b6e47ca,2016-10-08 20:28:48,0fc6914383c2bea767a9562c9d8b43a1,computers_accessories
45442979a333bc62efccd8a2481481fe,PE,91c96626f9e13b1b71a1f3e7ed52dd7a,2016-10-08 21:04:27,fb21cbf5cf37c8282a583cf8b6e770dc,health_beauty
a22a8f5ed1ba23d4aca05ed33b2917ac,SP,1b122a7be89622f672bb41380a83b69f,2016-10-08 21:37:30,1dcff375b928a1807562ea4a895a8046,furniture_decor
7155051815aa96d970a1a40583f95e8b,RJ,c8258090bca7cc6a62c1e15d7fd995d4,2016-10-08 21:58:32,f3412532ea4da687eaa6943639812bc3,diapers_and_hygiene
88dc22aad9cf20898eb3780977173dc5,BA,c4e980a1d822db426982878b3cfdda6e,2016-10-08 22:06:28,04df667e73ca2fab4b9a97c86466b699,watches_gifts
070db51ef1d6a1bd858c21b03de83e66,SP,f9c44da06151c190a9a6c9c712873d10,2016-10-08 22:11:57,b864b103180d5a6a3f830e67f93e8735,baby
7d2c43741147f86f3242da5baacf1da7,CE,3d7e8f32f5b59e005ccfc1076b4040b5,2016-10-08 22:34:11,473795a355d29305c3ea6b156833adf5,perfumery
4773a6473ca23c156f7a69ec38d0eb86,SP,8b160e3e272dcca4665850aae31ae6fd,2016-10-08 22:41:36,d38001d747d4cd832d1ceb2c2d3ca15d,furniture_decor
89c9e4085217b358939bdfb269edc709,SC,99d3df1714b20b9eb9734e731927379a,2016-10-08 23:46:06,42d2add84cc80443a8128adc87b6a958,perfumery
43d9a8df81f815755d9a258f2ee3135f,PE,02a0eb7c22b0616c767a45954a2a28f6,2016-10-09 10:34:58,5f8c74f4a3d2b616857fcb7d4dd1f61a,books_general_interest
f11278c6a8edfe30db8bb9506ecbdff2,RS,90bd4466c2905d7b5b56370149e62bcc,2016-10-09 11:33:12,269e87010f6d5e57015a90b00983e334,computers_accessories
cb544b0c548dbf3e9e52914472d56415,RJ,0a5d7e24850c68bf00d39bd62a9a45ee,2016-10-09 11:43:43,a8fe47ad6f852f93cc92c7b408687de3,sports_leisure
6a58b195be76f8ad6544e032b6c7316b,PR,2e8e21db96a8ab922e51cd297678c6b2,2016-10-09 12:13:58,87ecdbf76c33c8f2dabc40eeb821dc6b,furniture_decor
b102a37db53345d7eb418649b096f8e8,SP,56eb381fff8db8d35134693062514084,2016-10-09 12:34:53,7f524cd9e1d47c5aa4b15b54d6d146cb,furniture_decor
abb98ee37acc21973e1d4464133ddb49,SC,89f586f0cbddc6428831c41c8c333c66,2016-10-09 12:46:25,69faf0d53eb73597d6cfd50175901a56,health_beauty
ff4dfb2525a749384a0e31d68625443a,MG,b3aa45b7ba0f950a1b163a9f85f613de,2016-10-09 13:31:57,7e7e1af4ab49963c6e1245b2dbd8f492,housewares
3c0b720f2a9aebf70b250e73ef4fda63,PR,0891b66cbcc48cf64f31ae9cae3d08d8,2016-10-09 13:57:42,cf78006a2a6b0429b9663edd99bb38f9,furniture_decor
accfbaa1f092fdf6db1d8fcdad351b50,MG,7e2dddf174cc4d2768bf39c43ab2bd7a,2016-10-09 15:10:41,e41a6ac2f57a273eb0d214c7cbab5db9,office_furniture
cabe1ec4e4c40db3c14ab19cc09bbd9a,CE,0c22166d9f7e5761e397affa5af438c7,2016-10-09 22:31:44,d0ae5110da1575c15853f122de459f4b,health_beauty
f18d013a75e175123bdcf626f02f8212,RJ,8fe36dfd03ccfe3ed3d492c146705b9d,2016-10-09 22:34:11,c66def7098f4d87751f40c3a4855ced1,toys
5263febf1413e9a60ceb7b842008b7ef,PR,6e5fe7366a2e1bfbf3257dba0af1267f,2016-10-09 22:36:25,65bb78cf0bbc3ca6406f30e6793736f9,furniture_decor
5263febf1413e9a60ceb7b842008b7ef,PR,6e5fe7366a2e1bfbf3257dba0af1267f,2016-10-09 22:36:25,7721582bb750762d81850267d19881c1,bed_bath_table
5263febf1413e9a60ceb7b842008b7ef,PR,6e5fe7366a2e1bfbf3257dba0af1267f,2016-10-09 22:36:25,7721582bb750762d81850267d19881c1,bed_bath_table
5263febf1413e9a60ceb7b842008b7ef,PR,6e5fe7366a2e1bfbf3257dba0af1267f,2016-10-09 22:36:25,65bb78cf0bbc3ca6406f30e6793736f9,furniture_decor
5263febf1413e9a60ceb7b842008b7ef,PR,6e5fe7366a2e1bfbf3257dba0af1267f,2016-10-09 22:36:25,7721582bb750762d81850267d19881c1,bed_bath_table
5263febf1413e9a60ceb7b842008b7ef,PR,6e5fe7366a2e1bfbf3257dba0af1267f,2016-10-09 22:36:25,65bb78cf0bbc3ca6406f30e6793736f9,furniture_decor
b30a4d09f171b5da553bab49a0a61764,SP,2825848807f070485f0f0ef3829758f4,2016-10-09 22:36:44,1d9c26a3cc1a9a167955e3922b597210,perfumery
7d9631fe32b276d4c6aa04ba141a03e8,RS,1ebeec1bb9ce388ee2e00d401058ca8b,2016-10-09 22:36:49,e7f5908a3c9844728d24e3322254b109,sports_leisure
aaf6d77cd0756a4e878472c3efc65308,SC,67adba02e0955286954975ea56f9d17f,2016-10-09 22:38:35,0980718a7bdcf89f5848b202b6394965,health_beauty
21cf8b03074c935aa1de2d527371916f,MG,45bff70fb7b99a5a33bc8ccb3786e170,2016-10-09 22:38:37,838944cf86ccee50e01a52fba21cf29b,health_beauty
fd997caf29864e0b5e0d328a2d163e3f,RJ,25f680bf746bec3df11d48318ff015de,2016-10-09 22:42:35,bcaa4355b2521984b94978febf3f2b10,furniture_decor
b0cc6834f86d0440c119eb1fcd8413e1,MG,8c72f52f7655510c1ec81f3b9019c638,2016-10-09 22:44:21,4a90b44b456e79e7a33435fdd36e551f,garden_tools
a5bda6def3f77258ca2027b7d4a384e9,SP,d3a84031db6c5de813d5a3a3489712ca,2016-10-09 23:25:13,8ed9e6b1cbb80b223b70376a8659bee0,furniture_decor
a5bda6def3f77258ca2027b7d4a384e9,SP,d3a84031db6c5de813d5a3a3489712ca,2016-10-09 23:25:13,2d78dc9b1f4a5d1ceb28287b82d85b86,furniture_decor
2d2037b93b52f5a7ac9e286e8bd69d15,MG,2f9d4ee8ca77fe0951ebfe9064cad953,2016-10-09 23:38:19,cd2c03056720c7de4d6a59c1167bdee0,fashion_bags_accessories
01415cfeb907d8ce0e17075b4c097fe9,SP,0ec61157a488963fe217233f74c52760,2016-10-09 23:50:37,895fc53d66ecb6c1afc40138dbc2a73c,bed_bath_table
a5cd42f5d1eecbf955de47ff1245b5d6,SP,5c5c9fde60ffb741545cf2608e8c12ca,2016-10-09 23:55:30,4af813a3e5bc89370ef80fe126542076,toys
92da31c4d9d81552801e3c1a6194b796,PB,4fb7f38042d214ada4d81cc23d228cc8,2016-10-10 00:01:50,dd6a505f83dd3c6326aa9856519e0978,toys
e94cba4a769c459e51325766ab2ef270,SP,f9b03f7a6e5788ffb6cb6b4cd0d01892,2016-10-10 02:17:55,44377a26f7c80dbf0a9b2b300604e6bf,health_beauty
28fdcbdf2ebc3b9d20d4a810cec6a8b7,MG,d2266b035a47467c40d174c6f55cf4dd,2016-10-10 04:31:17,c42500bc89ec2aab54ff83f7c31b8773,telephony
6d3e9ccd146cea260421e9a7bae2e63a,SP,d263c89354a73314488491185858af42,2016-10-10 04:49:29,92ee7c820f6eb0c532ecd94508e3cc29,audio
da41f8be4acae374b2c5bfe8f9659e7e,BA,d01f0aba52a4d7b2cca8d7623538a434,2016-10-10 07:03:07,e338f548cda0b52650b9acfd317a74db,fashion_bags_accessories
77069f163bef4933c6efeea244b3f606,RJ,8213bc96304fc0881189c4525f3002f7,2016-10-10 07:53:34,2504bf725d7aa06820b73b85c5ca6653,housewares
38fa25096a695e1972739e2dd6821f83,SP,35d8c6d5e060ad24271ffda186312ef8,2016-10-10 08:36:05,f436a5130457df6b73cdb2c12a90ea2b,furniture_decor
3c6484a7438cd35dcc54f53f4b945829,SP,75fb23d26903b71ce3dd550ae22d2cc1,2016-10-10 09:23:48,8a90417eb713be09fd87a5d077ae06a2,sports_leisure
da231380834f900e3fc3a958a1533a33,RJ,42c5091238dc63339c79f5f35f8a5a6b,2016-10-10 09:57:05,4b88b15eb9d5ad74ffa095bcd4ddb64f,market_place
01f7b7a4e25cda9ce48c0f7263f7452d,ES,dd845e1cdb19f08d029a727adc9a5a77,2016-10-10 09:59:46,6d2928252aa5ba6a5fc439571dd0d748,consoles_games
b7335be40f14f35559f7222d4875b114,RS,96caf486ad384c707d860dbb4e519794,2016-10-10 10:20:13,77cad52aa444e612b99517bebbb4abb2,pet_shop
497444aa14246e71ed88c2c37540ddfb,SE,4421f094ff828b78aba6d18db005821d,2016-10-10 10:22:55,d32c445df9d36f1cdfc915ed14ee44cd,furniture_decor
62d7df8850fd19bf7a67afca5b7e65bb,SP,45ec58d30f2023e4dac16d956a657ddd,2016-10-10 10:28:51,afad7a4420a4348d41da23ed8d0902dd,furniture_decor
e2c852f36be265c817eafd880884b206,RJ,a08d1f4b300c3d7ec52f5f9a74234eca,2016-10-10 11:08:53,1da5a90b5fbd1e1bc37b7bbb999c7bd3,furniture_decor
59b219b2e1d1b20580c3551e07db6648,RJ,6460e331ee8f69c01f1423cca48d9991,2016-10-10 11:17:11,6b2c1aa8429875eb5ade006973f8bad8,fixed_telephony
1124aa987445b3d3f42412a375522a89,SP,5f834cc4ee109c58dff88c60b8ba5ecf,2016-10-10 11:22:36,7a18f72d8f0acfbd60eea36f2644ce8e,food
e53edc46664edce7794d86baca23f75b,DF,4b038a7f8dfc36755eca741381e379e3,2016-10-10 11:39:06,79938780eb7ffb7289f59a9a283bc06b,health_beauty
e53edc46664edce7794d86baca23f75b,DF,4b038a7f8dfc36755eca741381e379e3,2016-10-10 11:39:06,79938780eb7ffb7289f59a9a283bc06b,health_beauty
e64d63f1e2d292e774d451d7b55f711d,RN,59f26737bbeea8142a7e982cfce13e7a,2016-10-10 12:39:06,707e0fe138efb7009e1cd32efe19ce83,auto
12dca0bf14588cc10f18a9f9abaef604,RS,f883e09a1fb01318052c6ab839efb34a,2016-10-10 12:54:37,d984b9203bd56960bbdda0bb7f05f781,fashion_bags_accessories
b3d9d64d67b27599d01bb7de17a92ab8,SP,b88cd65e1d90bf6e185bf9b6f0b614cd,2016-10-10 12:54:46,57e5c7033739b88d673eba67e9cf9376,telephony
303f96887b473d72e34c2d0e492fa43b,SC,d3f7c0e804b501782903f7af749eb797,2016-10-10 13:57:41,571e2f5577f9e5ac24fc2a1daee8924d,furniture_decor
784210ee365c635556aeb69e14e072fc,RR,d6e32818428593eefe8ffd7e15acb83e,2016-10-10 14:02:01,6dab56beb5263f0d554cae5c55809208,health_beauty
86445cd94757169dd251d4052f7d0544,RJ,3e9334d33c1e64167920675211fb1aee,2016-10-10 14:20:38,c57d1d566402540eb9be608112ced702,consoles_games
1710b798ebdc5db6665c815b90a64999,MA,c776863a93dc0740c6e7d78104b21413,2016-10-10 15:01:27,ddc50b859563aa0b3d663559f3696690,office_furniture
b3fb50a69d9de3ee23504d2cd66da13f,PR,0ca768c507d1fc3c61bd950bb1c5231a,2016-10-10 15:20:14,83a26c42a5f94b7456425cd0cd20daf8,market_place
ad29d9bb283d87e61e190d40bc7bc15b,RS,b44d71edad65f41824d2e177470ef8f6,2016-10-10 15:23:51,8b39be5bbb8a4585ed19cacbf4162c27,sports_leisure
b85708f7ff9d1b6fce163c71086084f9,SP,2fbb05b3ee700e1897b9fa501e416005,2016-10-10 15:37:12,de6517dda8e49774f58c07f80abc8d7a,market_place
620732fed5579e0bdfdddee02aad4c54,MG,b19169c7cb8391fb8561e094d61c531a,2016-10-10 15:49:59,bdcec8e22b04a8f4241d87bcfe9ea877,furniture_decor
620732fed5579e0bdfdddee02aad4c54,MG,b19169c7cb8391fb8561e094d61c531a,2016-10-10 15:49:59,bdcec8e22b04a8f4241d87bcfe9ea877,furniture_decor
620732fed5579e0bdfdddee02aad4c54,MG,b19169c7cb8391fb8561e094d61c531a,2016-10-10 15:49:59,bdcec8e22b04a8f4241d87bcfe9ea877,furniture_decor
4b671f05b6eb9dc1d2c1bae9c8c78536,MG,c4f710df20f7d1500da1aef81a993f65,2016-10-10 15:50:01,c1488892604e4ba5cff5b4eb4d595400,furniture_decor
13db9c37d449305364a897e44f479406,MA,de8f4a82099fe4fa6bcb8952ca51420f,2016-10-10 16:00:30,f27f3e8b4b3836e4d6cd756dfb83e750,sports_leisure
0c63b4438ff050942153aaa4c19ad1d3,MG,12ca240539e7029e0328f0a410c12ad1,2016-10-10 16:00:33,a25d948ddec359c8d80978d139a4db83,toys
17e6d37366dc8c8865588b0d1740d606,PR,3379d980824f0aa5dab057f2530759bb,2016-10-10 16:39:37,33fac76e7f17367dedaef7954bbb33b4,health_beauty
d70f382aefc5e3273ba95831d8588930,SE,09dd83f72b2516179cd46b81121fad23,2016-10-10 16:55:10,6d2928252aa5ba6a5fc439571dd0d748,consoles_games
3140c5d46f2d38e4f14a9675359d6a27,RS,5a7ae4ca802c14fdff19558a4fee8727,2016-10-10 17:16:03,f9bcf9d8e89d012d7dc24fe4de0abd80,computers_accessories
5589151bd114970188a1141fbd5c8d25,RJ,48c43415ea1c4af9afa92542183b6e55,2016-10-10 17:49:21,5cca824e6a0eebe738c8a6381d0d9349,computers_accessories
bbf83aabda305a5ac059e05b342076a0,SP,b04bd4e0a1a21fef81b1f24f6fb81c08,2016-10-10 18:05:54,bdfe450775bde583b7abb5698f1bd6e2,health_beauty
02cb3a8ef6e13d37560379559e2f533d,SP,3d7d60b10ba4b43cf6f6d5df2e933f67,2016-10-10 18:09:39,5c12fb778168a77e3ffc8d7dd7a689fd,perfumery
0975c3cf2e418ebfa5d1191a2dffd59d,PR,bd50a7fe9fd97ea4b7663031a319e150,2016-12-23 23:16:47,f5d8f4fbc70ca2a0038b9a0010ed5cb0,fashion_bags_accessories
